<?xml version="1.0" encoding="UTF-8"?>
<LightningMessageChannel xmlns="http://soap.sforce.com/2006/04/metadata">
    <isExposed>true</isExposed>
    <lightningMessageFields>
        <description>Unique message id. Response message comes with same id. Simple increasing number is valid</description>
        <fieldName>id</fieldName>
    </lightningMessageFields>
    <lightningMessageFields>
        <description>One of the message types (action, response, state, status, init, exit)</description>
        <fieldName>type</fieldName>
    </lightningMessageFields>
    <lightningMessageFields>
        <description>The varying payload content of the message</description>
        <fieldName>payload</fieldName>
    </lightningMessageFields>
    <masterLabel>CPMessageChannelOut</masterLabel>
</LightningMessageChannel>
