<?xml version="1.0" encoding="UTF-8"?>
<CallCenter xmlns="http://soap.sforce.com/2006/04/metadata" xmlns:xsi="http://www.w3.org/2001/XMLSchema-instance">
    <adapterUrl>/apex/sinch__CPAdapter</adapterUrl>
    <customSettings>{&quot;reqSoftphoneHeight&quot;:&quot;800&quot;,&quot;reqUseApi&quot;:&quot;true&quot;,&quot;reqSoftphoneWidth&quot;:&quot;1000&quot;,&quot;reqSalesforceCompatibilityMode&quot;:&quot;Lightning&quot;}</customSettings>
    <displayName>Sinch Contact Center CTI Adapter</displayName>
    <displayNameLabel>Display Name</displayNameLabel>
    <internalNameLabel>Internal Name</internalNameLabel>
    <sections>
        <items>
            <label>CTI Adapter</label>
            <name>reqAdapterUrl</name>
            <value>/apex/sinch__CPAdapter</value>
        </items>
        <items>
            <label>Use CTI API</label>
            <name>reqUseApi</name>
            <value>true</value>
        </items>
        <items>
            <label>Softphone Height</label>
            <name>reqSoftphoneHeight</name>
            <value>800</value>
        </items>
        <items>
            <label>Softphone Width</label>
            <name>reqSoftphoneWidth</name>
            <value>600</value>
        </items>
        <items>
            <label>Salesforce Compatibility Mode</label>
            <name>reqSalesforceCompatibilityMode</name>
            <value>Lightning</value>
        </items>
        <items>
            <label>Utility Toolbar Label</label>
            <name>reqToolbarLabel</name>
            <value>CP</value>
        </items>
        <items>
            <label>Show Create Contact UI For Unrecognized Contacts</label>
            <name>reqCreateContact</name>
            <value>true</value>
        </items>
        <items>
            <label>Logging level (DEBUG, INFO, WARNING, ERROR, NONE)</label>
            <name>reqLogLevel</name>
            <value>DEBUG</value>
        </items>
        <items>
            <label>Allow Third Party Component Access To CP API</label>
            <name>reqThirdParty</name>
            <value>false</value>
        </items>
        <items>
            <label>Communication Panel URL</label>
            <name>reqEndpoint</name>
            <value></value>
        </items>
        <items>
            <label>Phone Number Search Remove Leading Characters</label>
            <name>reqPhSearchRemoveLeadingChars</name>
            <value>0</value>
        </items>
      <items>
        <label>Search Remove Prefixes</label>
        <name>reqSearchRemovePrefixes</name>
        <value>+1;+0</value>
      </items>
      <items>
        <label>Automatically Create Task On Single Match Accept</label>
        <name>reqAutoCreateTaskSingleMatchAccept</name>
        <value>true</value>
      </items>      
        <label>General Information</label>
        <name>reqGeneralInfo</name>
    </sections>
</CallCenter>
