<callCenter>
   <section sortOrder="0" name="reqGeneralInfo" label="General Information">
    <item sortOrder="0" name="reqInternalName" label="InternalName">CPContactCenterManual</item>
    <item sortOrder="1" name="reqDisplayName" label="Display Name">Sinch Contact Center CTI Adapter</item>
    <item sortOrder="2" name="reqAdapterUrl" label="CTI Adapter">/apex/sinch__CPAdapter</item>
    <item sortOrder="3" name="reqUseApi" label="Use CTI API">true</item>
    <item sortOrder="4" name="reqSoftphoneHeight" label="Softphone Height">800</item>
    <item sortOrder="5" name="reqSoftphoneWidth" label="Softphone Width">600</item>
    <item sortOrder="6" name="reqSalesforceCompatibilityMode" label="Salesforce Compatibility Mode">Lightning</item>
    <item sortOrder="7" name="reqToolbarLabel" label="Utility Toolbar Label">CP</item>
    <item sortOrder="8" name="reqCreateContact" label="Show Create Contact UI For Unrecognized Contacts">true</item>
    <item sortOrder="9" name="reqLogLevel" label="Logging level (DEBUG, INFO, WARNING, ERROR, NONE)">ERROR</item>
    <item sortOrder="10" name="reqThirdParty" label="Allow Third Party Component Access To CP API">false</item>
    <item sortOrder="11" name="reqEndpoint" label="Communication Panel URL"></item>
   </section>
</callCenter>