<?xml version="1.0" encoding="UTF-8"?>
<PermissionSet xmlns="http://soap.sforce.com/2006/04/metadata">
    <classAccesses>
        <apexClass>ContactController</apexClass>
        <enabled>true</enabled>
    </classAccesses>
    <classAccesses>
        <apexClass>TaskController</apexClass>
        <enabled>true</enabled>
    </classAccesses>
    <description>Grants permissions to use the Communication Panel adapter application</description>
    <hasActivationRequired>false</hasActivationRequired>
    <label>Communication Panel User</label>
    <pageAccesses>
        <apexPage>CPAdapter</apexPage>
        <enabled>true</enabled>
    </pageAccesses>
</PermissionSet>
